-- MySQL dump 10.13  Distrib 8.0.42, for Win64 (x86_64)
--
-- Host: localhost    Database: bachat_gat_db
-- ------------------------------------------------------
-- Server version	8.0.42

/*!40101 SET @OLD_CHARACTER_SET_CLIENT=@@CHARACTER_SET_CLIENT */;
/*!40101 SET @OLD_CHARACTER_SET_RESULTS=@@CHARACTER_SET_RESULTS */;
/*!40101 SET @OLD_COLLATION_CONNECTION=@@COLLATION_CONNECTION */;
/*!50503 SET NAMES utf8mb4 */;
/*!40103 SET @OLD_TIME_ZONE=@@TIME_ZONE */;
/*!40103 SET TIME_ZONE='+00:00' */;
/*!40014 SET @OLD_UNIQUE_CHECKS=@@UNIQUE_CHECKS, UNIQUE_CHECKS=0 */;
/*!40014 SET @OLD_FOREIGN_KEY_CHECKS=@@FOREIGN_KEY_CHECKS, FOREIGN_KEY_CHECKS=0 */;
/*!40101 SET @OLD_SQL_MODE=@@SQL_MODE, SQL_MODE='NO_AUTO_VALUE_ON_ZERO' */;
/*!40111 SET @OLD_SQL_NOTES=@@SQL_NOTES, SQL_NOTES=0 */;

--
-- Table structure for table `bank_balance`
--

DROP TABLE IF EXISTS `bank_balance`;
/*!40101 SET @saved_cs_client     = @@character_set_client */;
/*!50503 SET character_set_client = utf8mb4 */;
CREATE TABLE `bank_balance` (
  `id` int NOT NULL AUTO_INCREMENT,
  `balance` decimal(10,2) DEFAULT '0.00',
  `last_updated` timestamp NULL DEFAULT CURRENT_TIMESTAMP ON UPDATE CURRENT_TIMESTAMP,
  `default_fine_amount` decimal(10,2) DEFAULT '50.00',
  `default_interest_rate` decimal(5,2) DEFAULT '10.00',
  `default_contribution_amount` decimal(10,2) DEFAULT '100.00',
  `payment_start_day` int DEFAULT '1',
  `payment_end_day` int DEFAULT '7',
  PRIMARY KEY (`id`)
) ENGINE=InnoDB AUTO_INCREMENT=2 DEFAULT CHARSET=utf8mb4 COLLATE=utf8mb4_0900_ai_ci;
/*!40101 SET character_set_client = @saved_cs_client */;

--
-- Dumping data for table `bank_balance`
--

LOCK TABLES `bank_balance` WRITE;
/*!40000 ALTER TABLE `bank_balance` DISABLE KEYS */;
INSERT INTO `bank_balance` VALUES (1,0.00,'2025-07-14 18:27:42',150.00,24.00,500.00,1,7);
/*!40000 ALTER TABLE `bank_balance` ENABLE KEYS */;
UNLOCK TABLES;

--
-- Table structure for table `contributions`
--

DROP TABLE IF EXISTS `contributions`;
/*!40101 SET @saved_cs_client     = @@character_set_client */;
/*!50503 SET character_set_client = utf8mb4 */;
CREATE TABLE `contributions` (
  `id` int NOT NULL AUTO_INCREMENT,
  `user_id` int NOT NULL,
  `amount` decimal(10,2) NOT NULL,
  `month` int NOT NULL,
  `year` int NOT NULL,
  `payment_date` timestamp NULL DEFAULT CURRENT_TIMESTAMP,
  `is_paid` tinyint(1) DEFAULT '0',
  `fine_amount` decimal(10,2) DEFAULT '0.00',
  `utr_number` varchar(255) DEFAULT NULL,
  `president_utr_number` varchar(255) DEFAULT NULL,
  `president_id` int DEFAULT NULL,
  PRIMARY KEY (`id`),
  UNIQUE KEY `user_id` (`user_id`,`month`,`year`),
  KEY `fk_contributions_president` (`president_id`),
  CONSTRAINT `contributions_ibfk_1` FOREIGN KEY (`user_id`) REFERENCES `users` (`id`) ON DELETE CASCADE,
  CONSTRAINT `fk_contributions_president` FOREIGN KEY (`president_id`) REFERENCES `users` (`id`)
) ENGINE=InnoDB AUTO_INCREMENT=435 DEFAULT CHARSET=utf8mb4 COLLATE=utf8mb4_0900_ai_ci;
/*!40101 SET character_set_client = @saved_cs_client */;

--
-- Dumping data for table `contributions`
--

LOCK TABLES `contributions` WRITE;
/*!40000 ALTER TABLE `contributions` DISABLE KEYS */;
INSERT INTO `contributions` VALUES (1,1,1000.00,1,2023,'2023-01-06 18:30:00',1,0.00,NULL,NULL,1),(2,2,1000.00,1,2023,'2023-01-06 18:30:00',1,0.00,NULL,NULL,1),(3,3,1000.00,1,2023,'2023-01-06 18:30:00',1,0.00,NULL,NULL,1),(4,4,1000.00,1,2023,'2023-01-06 18:30:00',1,0.00,NULL,NULL,1),(5,5,1000.00,1,2023,'2023-01-06 18:30:00',1,0.00,NULL,NULL,1),(6,6,1000.00,1,2023,'2023-01-06 18:30:00',1,0.00,NULL,NULL,1),(7,7,1000.00,1,2023,'2023-01-06 18:30:00',1,0.00,NULL,NULL,1),(8,8,1000.00,1,2023,'2023-01-06 18:30:00',1,0.00,NULL,NULL,1),(9,9,1000.00,1,2023,'2023-01-06 18:30:00',1,0.00,NULL,NULL,1),(10,10,1000.00,1,2023,'2023-01-06 18:30:00',1,0.00,NULL,NULL,1),(11,11,1000.00,1,2023,'2023-01-06 18:30:00',1,0.00,NULL,NULL,1),(12,12,1000.00,1,2023,'2023-01-06 18:30:00',1,0.00,NULL,NULL,1),(13,13,1000.00,1,2023,'2023-01-06 18:30:00',1,0.00,NULL,NULL,1),(14,14,1000.00,1,2023,'2023-01-06 18:30:00',1,0.00,NULL,NULL,1),(15,1,1000.00,2,2023,'2023-02-06 18:30:00',1,0.00,NULL,NULL,1),(16,2,1000.00,2,2023,'2023-02-06 18:30:00',1,0.00,NULL,NULL,1),(17,3,1000.00,2,2023,'2023-02-06 18:30:00',1,0.00,NULL,NULL,1),(18,4,1000.00,2,2023,'2023-02-06 18:30:00',1,0.00,NULL,NULL,1),(19,5,1000.00,2,2023,'2023-02-06 18:30:00',1,0.00,NULL,NULL,1),(20,6,1000.00,2,2023,'2023-02-06 18:30:00',1,0.00,NULL,NULL,1),(21,7,1000.00,2,2023,'2023-02-06 18:30:00',1,0.00,NULL,NULL,1),(22,8,1000.00,2,2023,'2023-02-06 18:30:00',1,0.00,NULL,NULL,1),(23,9,1000.00,2,2023,'2023-02-06 18:30:00',1,0.00,NULL,NULL,1),(24,10,1000.00,2,2023,'2023-02-06 18:30:00',1,0.00,NULL,NULL,1),(25,11,1000.00,2,2023,'2023-02-06 18:30:00',1,0.00,NULL,NULL,1),(26,12,1000.00,2,2023,'2023-02-06 18:30:00',1,0.00,NULL,NULL,1),(27,13,1000.00,2,2023,'2023-02-06 18:30:00',1,0.00,NULL,NULL,1),(28,14,1000.00,2,2023,'2023-02-06 18:30:00',1,0.00,NULL,NULL,1),(29,1,500.00,3,2023,'2023-03-06 18:30:00',1,0.00,NULL,NULL,1),(30,2,500.00,3,2023,'2023-03-06 18:30:00',1,0.00,NULL,NULL,1),(31,3,500.00,3,2023,'2023-03-06 18:30:00',1,0.00,NULL,NULL,1),(32,4,500.00,3,2023,'2023-03-06 18:30:00',1,0.00,NULL,NULL,1),(33,5,500.00,3,2023,'2023-03-06 18:30:00',1,0.00,NULL,NULL,1),(34,6,500.00,3,2023,'2023-03-06 18:30:00',1,0.00,NULL,NULL,1),(35,7,500.00,3,2023,'2023-03-06 18:30:00',1,0.00,NULL,NULL,1),(36,8,500.00,3,2023,'2023-03-06 18:30:00',1,0.00,NULL,NULL,1),(37,9,500.00,3,2023,'2023-03-06 18:30:00',1,0.00,NULL,NULL,1),(38,10,500.00,3,2023,'2023-03-06 18:30:00',1,0.00,NULL,NULL,1),(39,11,500.00,3,2023,'2023-03-06 18:30:00',1,0.00,NULL,NULL,1),(40,12,500.00,3,2023,'2023-03-06 18:30:00',1,0.00,NULL,NULL,1),(41,13,500.00,3,2023,'2023-03-06 18:30:00',1,0.00,NULL,NULL,1),(42,14,500.00,3,2023,'2023-03-06 18:30:00',1,0.00,NULL,NULL,1),(43,1,500.00,4,2023,'2023-04-06 18:30:00',1,0.00,NULL,NULL,1),(44,2,500.00,4,2023,'2023-04-06 18:30:00',1,0.00,NULL,NULL,1),(45,3,500.00,4,2023,'2023-04-06 18:30:00',1,0.00,NULL,NULL,1),(46,4,500.00,4,2023,'2023-04-06 18:30:00',1,0.00,NULL,NULL,1),(47,5,500.00,4,2023,'2023-04-06 18:30:00',1,0.00,NULL,NULL,1),(48,6,500.00,4,2023,'2023-04-06 18:30:00',1,0.00,NULL,NULL,1),(49,7,500.00,4,2023,'2023-04-06 18:30:00',1,0.00,NULL,NULL,1),(50,8,500.00,4,2023,'2023-04-06 18:30:00',1,0.00,NULL,NULL,1),(51,9,500.00,4,2023,'2023-04-06 18:30:00',1,0.00,NULL,NULL,1),(52,10,500.00,4,2023,'2023-04-06 18:30:00',1,0.00,NULL,NULL,1),(53,11,500.00,4,2023,'2023-04-06 18:30:00',1,0.00,NULL,NULL,1),(54,12,500.00,4,2023,'2023-04-06 18:30:00',1,0.00,NULL,NULL,1),(55,13,500.00,4,2023,'2023-04-06 18:30:00',1,0.00,NULL,NULL,1),(56,14,500.00,4,2023,'2023-04-06 18:30:00',1,0.00,NULL,NULL,1),(57,1,500.00,5,2023,'2023-05-06 18:30:00',1,0.00,NULL,NULL,1),(58,2,500.00,5,2023,'2023-05-06 18:30:00',1,0.00,NULL,NULL,1),(59,3,500.00,5,2023,'2023-05-06 18:30:00',1,0.00,NULL,NULL,1),(60,4,500.00,5,2023,'2023-05-06 18:30:00',1,0.00,NULL,NULL,1),(61,5,500.00,5,2023,'2023-05-06 18:30:00',1,0.00,NULL,NULL,1),(62,6,500.00,5,2023,'2023-05-06 18:30:00',1,0.00,NULL,NULL,1),(63,7,500.00,5,2023,'2023-05-06 18:30:00',1,0.00,NULL,NULL,1),(64,8,500.00,5,2023,'2023-05-06 18:30:00',1,0.00,NULL,NULL,1),(65,9,500.00,5,2023,'2023-05-06 18:30:00',1,0.00,NULL,NULL,1),(66,10,500.00,5,2023,'2023-05-06 18:30:00',1,0.00,NULL,NULL,1),(67,11,500.00,5,2023,'2023-05-06 18:30:00',1,0.00,NULL,NULL,1),(68,12,500.00,5,2023,'2023-05-06 18:30:00',1,0.00,NULL,NULL,1),(69,13,500.00,5,2023,'2023-05-06 18:30:00',1,0.00,NULL,NULL,1),(70,14,500.00,5,2023,'2023-05-06 18:30:00',1,0.00,NULL,NULL,1),(71,1,500.00,6,2023,'2023-06-06 18:30:00',1,0.00,NULL,NULL,1),(72,2,500.00,6,2023,'2023-06-06 18:30:00',1,0.00,NULL,NULL,1),(73,3,500.00,6,2023,'2023-06-06 18:30:00',1,0.00,NULL,NULL,1),(74,4,500.00,6,2023,'2023-06-06 18:30:00',1,0.00,NULL,NULL,1),(75,5,500.00,6,2023,'2023-06-06 18:30:00',1,0.00,NULL,NULL,1),(76,6,500.00,6,2023,'2023-06-06 18:30:00',1,0.00,NULL,NULL,1),(77,7,500.00,6,2023,'2023-06-06 18:30:00',1,0.00,NULL,NULL,1),(78,8,500.00,6,2023,'2023-06-06 18:30:00',1,0.00,NULL,NULL,1),(79,9,500.00,6,2023,'2023-06-06 18:30:00',1,0.00,NULL,NULL,1),(80,10,500.00,6,2023,'2023-06-06 18:30:00',1,0.00,NULL,NULL,1),(81,11,500.00,6,2023,'2023-06-06 18:30:00',1,0.00,NULL,NULL,1),(82,12,500.00,6,2023,'2023-06-06 18:30:00',1,0.00,NULL,NULL,1),(83,13,500.00,6,2023,'2023-06-06 18:30:00',1,0.00,NULL,NULL,1),(84,14,500.00,6,2023,'2023-06-06 18:30:00',1,0.00,NULL,NULL,1),(85,1,500.00,7,2023,'2023-07-06 18:30:00',1,0.00,NULL,NULL,1),(86,2,500.00,7,2023,'2023-07-06 18:30:00',1,0.00,NULL,NULL,1),(87,3,500.00,7,2023,'2023-07-06 18:30:00',1,0.00,NULL,NULL,1),(88,4,500.00,7,2023,'2023-07-06 18:30:00',1,0.00,NULL,NULL,1),(89,5,500.00,7,2023,'2023-07-06 18:30:00',1,0.00,NULL,NULL,1),(90,6,500.00,7,2023,'2023-07-06 18:30:00',1,0.00,NULL,NULL,1),(91,7,500.00,7,2023,'2023-07-06 18:30:00',1,0.00,NULL,NULL,1),(92,8,500.00,7,2023,'2023-07-06 18:30:00',1,0.00,NULL,NULL,1),(93,9,500.00,7,2023,'2023-07-06 18:30:00',1,0.00,NULL,NULL,1),(94,10,500.00,7,2023,'2023-07-06 18:30:00',1,0.00,NULL,NULL,1),(95,11,500.00,7,2023,'2023-07-06 18:30:00',1,0.00,NULL,NULL,1),(96,12,500.00,7,2023,'2023-07-06 18:30:00',1,0.00,NULL,NULL,1),(97,13,500.00,7,2023,'2023-07-06 18:30:00',1,0.00,NULL,NULL,1),(98,14,500.00,7,2023,'2023-07-06 18:30:00',1,0.00,NULL,NULL,1),(99,1,500.00,8,2023,'2023-08-06 18:30:00',1,0.00,NULL,NULL,1),(100,2,500.00,8,2023,'2023-08-06 18:30:00',1,0.00,NULL,NULL,1),(101,3,500.00,8,2023,'2023-08-06 18:30:00',1,0.00,NULL,NULL,1),(102,4,500.00,8,2023,'2023-08-06 18:30:00',1,0.00,NULL,NULL,1),(103,5,500.00,8,2023,'2023-08-06 18:30:00',1,0.00,NULL,NULL,1),(104,6,500.00,8,2023,'2023-08-06 18:30:00',1,0.00,NULL,NULL,1),(105,7,500.00,8,2023,'2023-08-06 18:30:00',1,0.00,NULL,NULL,1),(106,8,500.00,8,2023,'2023-08-06 18:30:00',1,0.00,NULL,NULL,1),(107,9,500.00,8,2023,'2023-08-06 18:30:00',1,0.00,NULL,NULL,1),(108,10,500.00,8,2023,'2023-08-06 18:30:00',1,0.00,NULL,NULL,1),(109,11,500.00,8,2023,'2023-08-06 18:30:00',1,0.00,NULL,NULL,1),(110,12,500.00,8,2023,'2023-08-06 18:30:00',1,0.00,NULL,NULL,1),(111,13,500.00,8,2023,'2023-08-06 18:30:00',1,0.00,NULL,NULL,1),(112,14,500.00,8,2023,'2023-08-06 18:30:00',1,0.00,NULL,NULL,1),(113,1,500.00,9,2023,'2023-09-06 18:30:00',1,0.00,NULL,NULL,1),(114,2,500.00,9,2023,'2023-09-06 18:30:00',1,0.00,NULL,NULL,1),(115,3,500.00,9,2023,'2023-09-06 18:30:00',1,0.00,NULL,NULL,1),(116,4,500.00,9,2023,'2023-09-06 18:30:00',1,0.00,NULL,NULL,1),(117,5,500.00,9,2023,'2023-09-06 18:30:00',1,0.00,NULL,NULL,1),(118,6,500.00,9,2023,'2023-09-06 18:30:00',1,0.00,NULL,NULL,1),(119,7,500.00,9,2023,'2023-09-06 18:30:00',1,0.00,NULL,NULL,1),(120,8,500.00,9,2023,'2023-09-06 18:30:00',1,0.00,NULL,NULL,1),(121,9,500.00,9,2023,'2023-09-06 18:30:00',1,0.00,NULL,NULL,1),(122,10,500.00,9,2023,'2023-09-06 18:30:00',1,0.00,NULL,NULL,1),(123,11,500.00,9,2023,'2023-09-06 18:30:00',1,0.00,NULL,NULL,1),(124,12,500.00,9,2023,'2023-09-06 18:30:00',1,0.00,NULL,NULL,1),(125,13,500.00,9,2023,'2023-09-06 18:30:00',1,0.00,NULL,NULL,1),(126,14,500.00,9,2023,'2023-09-06 18:30:00',1,0.00,NULL,NULL,1),(127,1,500.00,10,2023,'2023-10-06 18:30:00',1,0.00,NULL,NULL,1),(128,2,500.00,10,2023,'2023-10-06 18:30:00',1,0.00,NULL,NULL,1),(129,3,500.00,10,2023,'2023-10-06 18:30:00',1,0.00,NULL,NULL,1),(130,4,500.00,10,2023,'2023-10-06 18:30:00',1,0.00,NULL,NULL,1),(131,5,500.00,10,2023,'2023-10-06 18:30:00',1,0.00,NULL,NULL,1),(132,6,500.00,10,2023,'2023-10-06 18:30:00',1,0.00,NULL,NULL,1),(133,7,500.00,10,2023,'2023-10-06 18:30:00',1,0.00,NULL,NULL,1),(134,8,500.00,10,2023,'2023-10-06 18:30:00',1,0.00,NULL,NULL,1),(135,9,500.00,10,2023,'2023-10-06 18:30:00',1,0.00,NULL,NULL,1),(136,10,500.00,10,2023,'2023-10-06 18:30:00',1,0.00,NULL,NULL,1),(137,11,500.00,10,2023,'2023-10-06 18:30:00',1,0.00,NULL,NULL,1),(138,12,500.00,10,2023,'2023-10-06 18:30:00',1,0.00,NULL,NULL,1),(139,13,500.00,10,2023,'2023-10-06 18:30:00',1,0.00,NULL,NULL,1),(140,14,500.00,10,2023,'2023-10-06 18:30:00',1,0.00,NULL,NULL,1),(141,1,500.00,11,2023,'2023-11-06 18:30:00',1,0.00,NULL,NULL,1),(142,2,500.00,11,2023,'2023-11-06 18:30:00',1,0.00,NULL,NULL,1),(143,3,500.00,11,2023,'2023-11-06 18:30:00',1,0.00,NULL,NULL,1),(144,4,500.00,11,2023,'2023-11-06 18:30:00',1,0.00,NULL,NULL,1),(145,5,500.00,11,2023,'2023-11-06 18:30:00',1,0.00,NULL,NULL,1),(146,6,500.00,11,2023,'2023-11-06 18:30:00',1,0.00,NULL,NULL,1),(147,7,500.00,11,2023,'2023-11-06 18:30:00',1,0.00,NULL,NULL,1),(148,8,500.00,11,2023,'2023-11-06 18:30:00',1,0.00,NULL,NULL,1),(149,9,500.00,11,2023,'2023-11-06 18:30:00',1,0.00,NULL,NULL,1),(150,10,500.00,11,2023,'2023-11-06 18:30:00',1,0.00,NULL,NULL,1),(151,11,500.00,11,2023,'2023-11-06 18:30:00',1,0.00,NULL,NULL,1),(152,12,500.00,11,2023,'2023-11-06 18:30:00',1,0.00,NULL,NULL,1),(153,13,500.00,11,2023,'2023-11-06 18:30:00',1,0.00,NULL,NULL,1),(154,14,500.00,11,2023,'2023-11-06 18:30:00',1,0.00,NULL,NULL,1),(155,1,500.00,12,2023,'2023-12-06 18:30:00',1,0.00,NULL,NULL,1),(156,2,500.00,12,2023,'2023-12-06 18:30:00',1,0.00,NULL,NULL,1),(157,3,500.00,12,2023,'2023-12-06 18:30:00',1,0.00,NULL,NULL,1),(158,4,500.00,12,2023,'2023-12-06 18:30:00',1,0.00,NULL,NULL,1),(159,5,500.00,12,2023,'2023-12-06 18:30:00',1,0.00,NULL,NULL,1),(160,6,500.00,12,2023,'2023-12-06 18:30:00',1,0.00,NULL,NULL,1),(161,7,500.00,12,2023,'2023-12-06 18:30:00',1,0.00,NULL,NULL,1),(162,8,500.00,12,2023,'2023-12-06 18:30:00',1,0.00,NULL,NULL,1),(163,9,500.00,12,2023,'2023-12-06 18:30:00',1,0.00,NULL,NULL,1),(164,10,500.00,12,2023,'2023-12-06 18:30:00',1,0.00,NULL,NULL,1),(165,11,500.00,12,2023,'2023-12-06 18:30:00',1,0.00,NULL,NULL,1),(166,12,500.00,12,2023,'2023-12-06 18:30:00',1,0.00,NULL,NULL,1),(167,13,500.00,12,2023,'2023-12-06 18:30:00',1,0.00,NULL,NULL,1),(168,14,500.00,12,2023,'2023-12-06 18:30:00',1,0.00,NULL,NULL,1),(169,1,500.00,1,2024,'2024-01-06 18:30:00',1,0.00,NULL,NULL,1),(170,2,500.00,1,2024,'2024-01-06 18:30:00',1,0.00,NULL,NULL,1),(171,3,500.00,1,2024,'2024-01-06 18:30:00',1,0.00,NULL,NULL,1),(172,4,500.00,1,2024,'2024-01-06 18:30:00',1,0.00,NULL,NULL,1),(173,5,500.00,1,2024,'2024-01-06 18:30:00',1,0.00,NULL,NULL,1),(174,6,500.00,1,2024,'2024-01-06 18:30:00',1,0.00,NULL,NULL,1),(175,7,500.00,1,2024,'2024-01-06 18:30:00',1,0.00,NULL,NULL,1),(176,8,500.00,1,2024,'2024-01-06 18:30:00',1,0.00,NULL,NULL,1),(177,9,500.00,1,2024,'2024-01-06 18:30:00',1,0.00,NULL,NULL,1),(178,10,500.00,1,2024,'2024-01-06 18:30:00',1,0.00,NULL,NULL,1),(179,11,500.00,1,2024,'2024-01-06 18:30:00',1,0.00,NULL,NULL,1),(180,12,500.00,1,2024,'2024-01-06 18:30:00',1,0.00,NULL,NULL,1),(181,13,500.00,1,2024,'2024-01-06 18:30:00',1,0.00,NULL,NULL,1),(182,14,500.00,1,2024,'2024-01-06 18:30:00',1,0.00,NULL,NULL,1),(183,1,500.00,2,2024,'2024-02-06 18:30:00',1,0.00,NULL,NULL,1),(184,2,500.00,2,2024,'2024-02-06 18:30:00',1,0.00,NULL,NULL,1),(185,3,500.00,2,2024,'2024-02-06 18:30:00',1,0.00,NULL,NULL,1),(186,4,500.00,2,2024,'2024-02-06 18:30:00',1,0.00,NULL,NULL,1),(187,5,500.00,2,2024,'2024-02-06 18:30:00',1,0.00,NULL,NULL,1),(188,6,500.00,2,2024,'2024-02-06 18:30:00',1,0.00,NULL,NULL,1),(189,7,500.00,2,2024,'2024-02-06 18:30:00',1,0.00,NULL,NULL,1),(190,8,500.00,2,2024,'2024-02-06 18:30:00',1,0.00,NULL,NULL,1),(191,9,500.00,2,2024,'2024-02-06 18:30:00',1,0.00,NULL,NULL,1),(192,10,500.00,2,2024,'2024-02-06 18:30:00',1,0.00,NULL,NULL,1),(193,11,500.00,2,2024,'2024-02-06 18:30:00',1,0.00,NULL,NULL,1),(194,12,500.00,2,2024,'2024-02-06 18:30:00',1,0.00,NULL,NULL,1),(195,13,500.00,2,2024,'2024-02-06 18:30:00',1,0.00,NULL,NULL,1),(196,14,500.00,2,2024,'2024-02-06 18:30:00',1,0.00,NULL,NULL,1),(197,1,500.00,3,2024,'2024-03-06 18:30:00',1,0.00,NULL,NULL,1),(198,2,500.00,3,2024,'2024-03-06 18:30:00',1,0.00,NULL,NULL,1),(199,3,500.00,3,2024,'2024-03-06 18:30:00',1,0.00,NULL,NULL,1),(200,4,500.00,3,2024,'2024-03-06 18:30:00',1,0.00,NULL,NULL,1),(201,5,500.00,3,2024,'2024-03-06 18:30:00',1,0.00,NULL,NULL,1),(202,6,500.00,3,2024,'2024-03-06 18:30:00',1,0.00,NULL,NULL,1),(203,7,500.00,3,2024,'2024-03-06 18:30:00',1,0.00,NULL,NULL,1),(204,8,500.00,3,2024,'2024-03-06 18:30:00',1,0.00,NULL,NULL,1),(205,9,500.00,3,2024,'2024-03-06 18:30:00',1,0.00,NULL,NULL,1),(206,10,500.00,3,2024,'2024-03-06 18:30:00',1,0.00,NULL,NULL,1),(207,11,500.00,3,2024,'2024-03-06 18:30:00',1,0.00,NULL,NULL,1),(208,12,500.00,3,2024,'2024-03-06 18:30:00',1,0.00,NULL,NULL,1),(209,13,500.00,3,2024,'2024-03-06 18:30:00',1,0.00,NULL,NULL,1),(210,14,500.00,3,2024,'2024-03-06 18:30:00',1,0.00,NULL,NULL,1),(211,1,500.00,4,2024,'2024-04-06 18:30:00',1,0.00,NULL,NULL,1),(212,2,500.00,4,2024,'2024-04-06 18:30:00',1,0.00,NULL,NULL,1),(213,3,500.00,4,2024,'2024-04-06 18:30:00',1,0.00,NULL,NULL,1),(214,4,500.00,4,2024,'2024-04-06 18:30:00',1,0.00,NULL,NULL,1),(215,5,500.00,4,2024,'2024-04-06 18:30:00',1,0.00,NULL,NULL,1),(216,6,500.00,4,2024,'2024-04-06 18:30:00',1,0.00,NULL,NULL,1),(217,7,500.00,4,2024,'2024-04-06 18:30:00',1,0.00,NULL,NULL,1),(218,8,500.00,4,2024,'2024-04-06 18:30:00',1,0.00,NULL,NULL,1),(219,9,500.00,4,2024,'2024-04-06 18:30:00',1,0.00,NULL,NULL,1),(220,10,500.00,4,2024,'2024-04-06 18:30:00',1,0.00,NULL,NULL,1),(221,11,500.00,4,2024,'2024-04-06 18:30:00',1,0.00,NULL,NULL,1),(222,12,500.00,4,2024,'2024-04-06 18:30:00',1,0.00,NULL,NULL,1),(223,13,500.00,4,2024,'2024-04-06 18:30:00',1,0.00,NULL,NULL,1),(224,14,500.00,4,2024,'2024-04-06 18:30:00',1,0.00,NULL,NULL,1),(225,1,500.00,5,2024,'2024-05-06 18:30:00',1,0.00,NULL,NULL,1),(226,2,500.00,5,2024,'2024-05-06 18:30:00',1,0.00,NULL,NULL,1),(227,3,500.00,5,2024,'2024-05-06 18:30:00',1,0.00,NULL,NULL,1),(228,4,500.00,5,2024,'2024-05-06 18:30:00',1,0.00,NULL,NULL,1),(229,5,500.00,5,2024,'2024-05-06 18:30:00',1,0.00,NULL,NULL,1),(230,6,500.00,5,2024,'2024-05-06 18:30:00',1,0.00,NULL,NULL,1),(231,7,500.00,5,2024,'2024-05-06 18:30:00',1,0.00,NULL,NULL,1),(232,8,500.00,5,2024,'2024-05-06 18:30:00',1,0.00,NULL,NULL,1),(233,9,500.00,5,2024,'2024-05-06 18:30:00',1,0.00,NULL,NULL,1),(234,10,500.00,5,2024,'2024-05-06 18:30:00',1,0.00,NULL,NULL,1),(235,11,500.00,5,2024,'2024-05-06 18:30:00',1,0.00,NULL,NULL,1),(236,12,500.00,5,2024,'2024-05-06 18:30:00',1,0.00,NULL,NULL,1),(237,13,500.00,5,2024,'2024-05-06 18:30:00',1,0.00,NULL,NULL,1),(238,14,500.00,5,2024,'2024-05-06 18:30:00',1,0.00,NULL,NULL,1),(239,1,500.00,6,2024,'2024-06-06 18:30:00',1,0.00,NULL,NULL,1),(240,2,500.00,6,2024,'2024-06-06 18:30:00',1,0.00,NULL,NULL,1),(241,3,500.00,6,2024,'2024-06-06 18:30:00',1,0.00,NULL,NULL,1),(242,4,500.00,6,2024,'2024-06-06 18:30:00',1,0.00,NULL,NULL,1),(243,5,500.00,6,2024,'2024-06-06 18:30:00',1,0.00,NULL,NULL,1),(244,6,500.00,6,2024,'2024-06-06 18:30:00',1,0.00,NULL,NULL,1),(245,7,500.00,6,2024,'2024-06-06 18:30:00',1,0.00,NULL,NULL,1),(246,8,500.00,6,2024,'2024-06-06 18:30:00',1,0.00,NULL,NULL,1),(247,9,500.00,6,2024,'2024-06-06 18:30:00',1,0.00,NULL,NULL,1),(248,10,500.00,6,2024,'2024-06-06 18:30:00',1,0.00,NULL,NULL,1),(249,11,500.00,6,2024,'2024-06-06 18:30:00',1,0.00,NULL,NULL,1),(250,12,500.00,6,2024,'2024-06-06 18:30:00',1,0.00,NULL,NULL,1),(251,13,500.00,6,2024,'2024-06-06 18:30:00',1,0.00,NULL,NULL,1),(252,14,500.00,6,2024,'2024-06-06 18:30:00',1,0.00,NULL,NULL,1),(253,1,500.00,7,2024,'2024-07-06 18:30:00',1,0.00,NULL,NULL,1),(254,2,500.00,7,2024,'2024-07-06 18:30:00',1,0.00,NULL,NULL,1),(255,3,500.00,7,2024,'2024-07-06 18:30:00',1,0.00,NULL,NULL,1),(256,4,500.00,7,2024,'2024-07-06 18:30:00',1,0.00,NULL,NULL,1),(257,5,500.00,7,2024,'2024-07-06 18:30:00',1,0.00,NULL,NULL,1),(258,6,500.00,7,2024,'2024-07-06 18:30:00',1,0.00,NULL,NULL,1),(259,7,500.00,7,2024,'2024-07-06 18:30:00',1,0.00,NULL,NULL,1),(260,8,500.00,7,2024,'2024-07-06 18:30:00',1,0.00,NULL,NULL,1),(261,9,500.00,7,2024,'2024-07-06 18:30:00',1,0.00,NULL,NULL,1),(262,10,500.00,7,2024,'2024-07-06 18:30:00',1,0.00,NULL,NULL,1),(263,11,500.00,7,2024,'2024-07-06 18:30:00',1,0.00,NULL,NULL,1),(264,12,500.00,7,2024,'2024-07-06 18:30:00',1,0.00,NULL,NULL,1),(265,13,500.00,7,2024,'2024-07-06 18:30:00',1,0.00,NULL,NULL,1),(266,14,500.00,7,2024,'2024-07-06 18:30:00',1,0.00,NULL,NULL,1),(267,1,500.00,8,2024,'2024-08-06 18:30:00',1,0.00,NULL,NULL,1),(268,2,500.00,8,2024,'2024-08-06 18:30:00',1,0.00,NULL,NULL,1),(269,3,500.00,8,2024,'2024-08-06 18:30:00',1,0.00,NULL,NULL,1),(270,4,500.00,8,2024,'2024-08-06 18:30:00',1,0.00,NULL,NULL,1),(271,5,500.00,8,2024,'2024-08-06 18:30:00',1,0.00,NULL,NULL,1),(272,6,500.00,8,2024,'2024-08-06 18:30:00',1,0.00,NULL,NULL,1),(273,7,500.00,8,2024,'2024-08-06 18:30:00',1,0.00,NULL,NULL,1),(274,8,500.00,8,2024,'2024-08-06 18:30:00',1,0.00,NULL,NULL,1),(275,9,500.00,8,2024,'2024-08-06 18:30:00',1,0.00,NULL,NULL,1),(276,10,500.00,8,2024,'2024-08-06 18:30:00',1,0.00,NULL,NULL,1),(277,11,500.00,8,2024,'2024-08-06 18:30:00',1,0.00,NULL,NULL,1),(278,12,500.00,8,2024,'2024-08-06 18:30:00',1,0.00,NULL,NULL,1),(279,13,500.00,8,2024,'2024-08-06 18:30:00',1,0.00,NULL,NULL,1),(280,14,500.00,8,2024,'2024-08-06 18:30:00',1,0.00,NULL,NULL,1),(281,1,500.00,9,2024,'2024-09-06 18:30:00',1,0.00,NULL,NULL,1),(282,2,500.00,9,2024,'2024-09-06 18:30:00',1,0.00,NULL,NULL,1),(283,3,500.00,9,2024,'2024-09-06 18:30:00',1,0.00,NULL,NULL,1),(284,4,500.00,9,2024,'2024-09-06 18:30:00',1,0.00,NULL,NULL,1),(285,5,500.00,9,2024,'2024-09-06 18:30:00',1,0.00,NULL,NULL,1),(286,6,500.00,9,2024,'2024-09-06 18:30:00',1,0.00,NULL,NULL,1),(287,7,500.00,9,2024,'2024-09-06 18:30:00',1,0.00,NULL,NULL,1),(288,8,500.00,9,2024,'2024-09-06 18:30:00',1,0.00,NULL,NULL,1),(289,9,500.00,9,2024,'2024-09-06 18:30:00',1,0.00,NULL,NULL,1),(290,10,500.00,9,2024,'2024-09-06 18:30:00',1,0.00,NULL,NULL,1),(291,11,500.00,9,2024,'2024-09-06 18:30:00',1,0.00,NULL,NULL,1),(292,12,500.00,9,2024,'2024-09-06 18:30:00',1,0.00,NULL,NULL,1),(293,13,500.00,9,2024,'2024-09-06 18:30:00',1,0.00,NULL,NULL,1),(294,14,500.00,9,2024,'2024-09-06 18:30:00',1,0.00,NULL,NULL,1),(295,1,500.00,10,2024,'2024-10-06 18:30:00',1,0.00,NULL,NULL,1),(296,2,500.00,10,2024,'2024-10-06 18:30:00',1,0.00,NULL,NULL,1),(297,3,500.00,10,2024,'2024-10-06 18:30:00',1,0.00,NULL,NULL,1),(298,4,500.00,10,2024,'2024-10-06 18:30:00',1,0.00,NULL,NULL,1),(299,5,500.00,10,2024,'2024-10-06 18:30:00',1,0.00,NULL,NULL,1),(300,6,500.00,10,2024,'2024-10-06 18:30:00',1,0.00,NULL,NULL,1),(301,7,500.00,10,2024,'2024-10-06 18:30:00',1,0.00,NULL,NULL,1),(302,8,500.00,10,2024,'2024-10-06 18:30:00',1,0.00,NULL,NULL,1),(303,9,500.00,10,2024,'2024-10-06 18:30:00',1,0.00,NULL,NULL,1),(304,10,500.00,10,2024,'2024-10-06 18:30:00',1,0.00,NULL,NULL,1),(305,11,500.00,10,2024,'2024-10-06 18:30:00',1,0.00,NULL,NULL,1),(306,12,500.00,10,2024,'2024-10-06 18:30:00',1,0.00,NULL,NULL,1),(307,13,500.00,10,2024,'2024-10-06 18:30:00',1,0.00,NULL,NULL,1),(308,14,500.00,10,2024,'2024-10-06 18:30:00',1,0.00,NULL,NULL,1),(309,1,500.00,11,2024,'2024-11-06 18:30:00',1,0.00,NULL,NULL,1),(310,2,500.00,11,2024,'2024-11-06 18:30:00',1,0.00,NULL,NULL,1),(311,3,500.00,11,2024,'2024-11-06 18:30:00',1,0.00,NULL,NULL,1),(312,4,500.00,11,2024,'2024-11-06 18:30:00',1,0.00,NULL,NULL,1),(313,5,500.00,11,2024,'2024-11-06 18:30:00',1,0.00,NULL,NULL,1),(314,6,500.00,11,2024,'2024-11-06 18:30:00',1,0.00,NULL,NULL,1),(315,7,500.00,11,2024,'2024-11-06 18:30:00',1,0.00,NULL,NULL,1),(316,8,500.00,11,2024,'2024-11-06 18:30:00',1,0.00,NULL,NULL,1),(317,9,500.00,11,2024,'2024-11-06 18:30:00',1,0.00,NULL,NULL,1),(318,10,500.00,11,2024,'2024-11-06 18:30:00',1,0.00,NULL,NULL,1),(319,11,500.00,11,2024,'2024-11-06 18:30:00',1,0.00,NULL,NULL,1),(320,12,500.00,11,2024,'2024-11-06 18:30:00',1,0.00,NULL,NULL,1),(321,13,500.00,11,2024,'2024-11-06 18:30:00',1,0.00,NULL,NULL,1),(322,14,500.00,11,2024,'2024-11-06 18:30:00',1,0.00,NULL,NULL,1),(323,1,500.00,12,2024,'2024-12-06 18:30:00',1,0.00,NULL,NULL,1),(324,2,500.00,12,2024,'2024-12-06 18:30:00',1,0.00,NULL,NULL,1),(325,3,500.00,12,2024,'2024-12-06 18:30:00',1,0.00,NULL,NULL,1),(326,4,500.00,12,2024,'2024-12-06 18:30:00',1,0.00,NULL,NULL,1),(327,5,500.00,12,2024,'2024-12-06 18:30:00',1,0.00,NULL,NULL,1),(328,6,500.00,12,2024,'2024-12-06 18:30:00',1,0.00,NULL,NULL,1),(329,7,500.00,12,2024,'2024-12-06 18:30:00',1,0.00,NULL,NULL,1),(330,8,500.00,12,2024,'2024-12-06 18:30:00',1,0.00,NULL,NULL,1),(331,9,500.00,12,2024,'2024-12-06 18:30:00',1,0.00,NULL,NULL,1),(332,10,500.00,12,2024,'2024-12-06 18:30:00',1,0.00,NULL,NULL,1),(333,11,500.00,12,2024,'2024-12-06 18:30:00',1,0.00,NULL,NULL,1),(334,12,500.00,12,2024,'2024-12-06 18:30:00',1,0.00,NULL,NULL,1),(335,13,500.00,12,2024,'2024-12-06 18:30:00',1,0.00,NULL,NULL,1),(336,14,500.00,12,2024,'2024-12-06 18:30:00',1,0.00,NULL,NULL,1),(337,1,500.00,1,2025,'2025-01-06 18:30:00',1,0.00,NULL,NULL,1),(338,2,500.00,1,2025,'2025-01-06 18:30:00',1,0.00,NULL,NULL,1),(339,3,500.00,1,2025,'2025-01-06 18:30:00',1,0.00,NULL,NULL,1),(340,4,500.00,1,2025,'2025-01-06 18:30:00',1,0.00,NULL,NULL,1),(341,5,500.00,1,2025,'2025-01-06 18:30:00',1,0.00,NULL,NULL,1),(342,6,500.00,1,2025,'2025-01-06 18:30:00',1,0.00,NULL,NULL,1),(343,7,500.00,1,2025,'2025-01-06 18:30:00',1,0.00,NULL,NULL,1),(344,8,500.00,1,2025,'2025-01-06 18:30:00',1,0.00,NULL,NULL,1),(345,9,500.00,1,2025,'2025-01-06 18:30:00',1,0.00,NULL,NULL,1),(346,10,500.00,1,2025,'2025-01-06 18:30:00',1,0.00,NULL,NULL,1),(347,11,500.00,1,2025,'2025-01-06 18:30:00',1,0.00,NULL,NULL,1),(348,12,500.00,1,2025,'2025-01-06 18:30:00',1,0.00,NULL,NULL,1),(349,13,500.00,1,2025,'2025-01-06 18:30:00',1,0.00,NULL,NULL,1),(350,14,500.00,1,2025,'2025-01-06 18:30:00',1,0.00,NULL,NULL,1),(351,1,500.00,2,2025,'2025-02-06 18:30:00',1,0.00,NULL,NULL,1),(352,2,500.00,2,2025,'2025-02-06 18:30:00',1,0.00,NULL,NULL,1),(353,3,500.00,2,2025,'2025-02-06 18:30:00',1,0.00,NULL,NULL,1),(354,4,500.00,2,2025,'2025-02-06 18:30:00',1,0.00,NULL,NULL,1),(355,5,500.00,2,2025,'2025-02-06 18:30:00',1,0.00,NULL,NULL,1),(356,6,500.00,2,2025,'2025-02-06 18:30:00',1,0.00,NULL,NULL,1),(357,7,500.00,2,2025,'2025-02-06 18:30:00',1,0.00,NULL,NULL,1),(358,8,500.00,2,2025,'2025-02-06 18:30:00',1,0.00,NULL,NULL,1),(359,9,500.00,2,2025,'2025-02-06 18:30:00',1,0.00,NULL,NULL,1),(360,10,500.00,2,2025,'2025-02-06 18:30:00',1,0.00,NULL,NULL,1),(361,11,500.00,2,2025,'2025-02-06 18:30:00',1,0.00,NULL,NULL,1),(362,12,500.00,2,2025,'2025-02-06 18:30:00',1,0.00,NULL,NULL,1),(363,13,500.00,2,2025,'2025-02-06 18:30:00',1,0.00,NULL,NULL,1),(364,14,500.00,2,2025,'2025-02-06 18:30:00',1,0.00,NULL,NULL,1),(365,1,500.00,3,2025,'2025-03-06 18:30:00',1,0.00,NULL,NULL,1),(366,2,500.00,3,2025,'2025-03-06 18:30:00',1,0.00,NULL,NULL,1),(367,3,500.00,3,2025,'2025-03-06 18:30:00',1,0.00,NULL,NULL,1),(368,4,500.00,3,2025,'2025-03-06 18:30:00',1,0.00,NULL,NULL,1),(369,5,500.00,3,2025,'2025-03-06 18:30:00',1,0.00,NULL,NULL,1),(370,6,500.00,3,2025,'2025-03-06 18:30:00',1,0.00,NULL,NULL,1),(371,7,500.00,3,2025,'2025-03-06 18:30:00',1,0.00,NULL,NULL,1),(372,8,500.00,3,2025,'2025-03-06 18:30:00',1,0.00,NULL,NULL,1),(373,9,500.00,3,2025,'2025-03-06 18:30:00',1,0.00,NULL,NULL,1),(374,10,500.00,3,2025,'2025-03-06 18:30:00',1,0.00,NULL,NULL,1),(375,11,500.00,3,2025,'2025-03-06 18:30:00',1,0.00,NULL,NULL,1),(376,12,500.00,3,2025,'2025-03-06 18:30:00',1,0.00,NULL,NULL,1),(377,13,500.00,3,2025,'2025-03-06 18:30:00',1,0.00,NULL,NULL,1),(378,14,500.00,3,2025,'2025-03-06 18:30:00',1,0.00,NULL,NULL,1),(379,1,500.00,4,2025,'2025-04-06 18:30:00',1,0.00,NULL,NULL,1),(380,2,500.00,4,2025,'2025-04-06 18:30:00',1,0.00,NULL,NULL,1),(381,3,500.00,4,2025,'2025-04-06 18:30:00',1,0.00,NULL,NULL,1),(382,4,500.00,4,2025,'2025-04-06 18:30:00',1,0.00,NULL,NULL,1),(383,5,500.00,4,2025,'2025-04-06 18:30:00',1,0.00,NULL,NULL,1),(384,6,500.00,4,2025,'2025-04-06 18:30:00',1,0.00,NULL,NULL,1),(385,7,500.00,4,2025,'2025-04-06 18:30:00',1,0.00,NULL,NULL,1),(386,8,500.00,4,2025,'2025-04-06 18:30:00',1,0.00,NULL,NULL,1),(387,9,500.00,4,2025,'2025-04-06 18:30:00',1,0.00,NULL,NULL,1),(388,10,500.00,4,2025,'2025-04-06 18:30:00',1,0.00,NULL,NULL,1),(389,11,500.00,4,2025,'2025-04-06 18:30:00',1,0.00,NULL,NULL,1),(390,12,500.00,4,2025,'2025-04-06 18:30:00',1,0.00,NULL,NULL,1),(391,13,500.00,4,2025,'2025-04-06 18:30:00',1,0.00,NULL,NULL,1),(392,14,500.00,4,2025,'2025-04-06 18:30:00',1,0.00,NULL,NULL,1),(393,1,500.00,5,2025,'2025-05-06 18:30:00',1,0.00,NULL,NULL,1),(394,2,500.00,5,2025,'2025-05-06 18:30:00',1,0.00,NULL,NULL,1),(395,3,500.00,5,2025,'2025-05-06 18:30:00',1,0.00,NULL,NULL,1),(396,4,500.00,5,2025,'2025-05-06 18:30:00',1,0.00,NULL,NULL,1),(397,5,500.00,5,2025,'2025-05-06 18:30:00',1,0.00,NULL,NULL,1),(398,6,500.00,5,2025,'2025-05-06 18:30:00',1,0.00,NULL,NULL,1),(399,7,500.00,5,2025,'2025-05-06 18:30:00',1,0.00,NULL,NULL,1),(400,8,500.00,5,2025,'2025-05-06 18:30:00',1,0.00,NULL,NULL,1),(401,9,500.00,5,2025,'2025-05-06 18:30:00',1,0.00,NULL,NULL,1),(402,10,500.00,5,2025,'2025-05-06 18:30:00',1,0.00,NULL,NULL,1),(403,11,500.00,5,2025,'2025-05-06 18:30:00',1,0.00,NULL,NULL,1),(404,12,500.00,5,2025,'2025-05-06 18:30:00',1,0.00,NULL,NULL,1),(405,13,500.00,5,2025,'2025-05-06 18:30:00',1,0.00,NULL,NULL,1),(406,14,500.00,5,2025,'2025-05-06 18:30:00',1,0.00,NULL,NULL,1),(407,1,500.00,6,2025,'2025-06-06 18:30:00',1,0.00,NULL,NULL,1),(408,2,500.00,6,2025,'2025-06-06 18:30:00',1,0.00,NULL,NULL,1),(409,3,500.00,6,2025,'2025-06-06 18:30:00',1,0.00,NULL,NULL,1),(410,4,500.00,6,2025,'2025-06-06 18:30:00',1,0.00,NULL,NULL,1),(411,5,500.00,6,2025,'2025-06-06 18:30:00',1,0.00,NULL,NULL,1),(412,6,500.00,6,2025,'2025-06-06 18:30:00',1,0.00,NULL,NULL,1),(413,7,500.00,6,2025,'2025-06-06 18:30:00',1,0.00,NULL,NULL,1),(414,8,500.00,6,2025,'2025-06-06 18:30:00',1,0.00,NULL,NULL,1),(415,9,500.00,6,2025,'2025-06-06 18:30:00',1,0.00,NULL,NULL,1),(416,10,500.00,6,2025,'2025-06-06 18:30:00',1,0.00,NULL,NULL,1),(417,11,500.00,6,2025,'2025-06-06 18:30:00',1,0.00,NULL,NULL,1),(418,12,500.00,6,2025,'2025-06-06 18:30:00',1,0.00,NULL,NULL,1),(419,13,500.00,6,2025,'2025-06-06 18:30:00',1,0.00,NULL,NULL,1),(420,14,500.00,6,2025,'2025-06-06 18:30:00',1,0.00,NULL,NULL,1),(421,1,500.00,7,2025,'2025-07-06 18:30:00',1,0.00,NULL,NULL,1),(422,2,500.00,7,2025,'2025-07-06 18:30:00',1,0.00,NULL,NULL,1),(423,3,500.00,7,2025,'2025-07-06 18:30:00',1,0.00,NULL,NULL,1),(424,4,500.00,7,2025,'2025-07-06 18:30:00',1,0.00,NULL,NULL,1),(425,5,500.00,7,2025,'2025-07-06 18:30:00',1,0.00,NULL,NULL,1),(426,6,500.00,7,2025,'2025-07-07 18:30:00',1,150.00,NULL,NULL,1),(427,7,500.00,7,2025,'2025-07-06 18:30:00',1,0.00,NULL,NULL,1),(428,8,500.00,7,2025,'2025-07-06 18:30:00',1,0.00,NULL,NULL,1),(429,9,500.00,7,2025,'2025-07-06 18:30:00',1,0.00,NULL,NULL,1),(430,10,500.00,7,2025,'2025-07-06 18:30:00',1,0.00,NULL,NULL,1),(431,11,500.00,7,2025,'2025-07-06 18:30:00',1,0.00,NULL,NULL,1),(432,12,500.00,7,2025,'2025-07-06 18:30:00',1,0.00,NULL,NULL,1),(433,13,500.00,7,2025,'2025-07-06 18:30:00',1,0.00,NULL,NULL,1),(434,14,500.00,7,2025,'2025-07-06 18:30:00',1,0.00,NULL,NULL,1);
/*!40000 ALTER TABLE `contributions` ENABLE KEYS */;
UNLOCK TABLES;

--
-- Table structure for table `loan_payments`
--

DROP TABLE IF EXISTS `loan_payments`;
/*!40101 SET @saved_cs_client     = @@character_set_client */;
/*!50503 SET character_set_client = utf8mb4 */;
CREATE TABLE `loan_payments` (
  `id` int NOT NULL AUTO_INCREMENT,
  `loan_id` int NOT NULL,
  `amount_paid` decimal(10,2) NOT NULL,
  `payment_date` timestamp NULL DEFAULT CURRENT_TIMESTAMP,
  `interest_paid` decimal(10,2) DEFAULT '0.00',
  PRIMARY KEY (`id`),
  KEY `loan_id` (`loan_id`),
  CONSTRAINT `loan_payments_ibfk_1` FOREIGN KEY (`loan_id`) REFERENCES `loans` (`id`) ON DELETE CASCADE
) ENGINE=InnoDB AUTO_INCREMENT=40 DEFAULT CHARSET=utf8mb4 COLLATE=utf8mb4_0900_ai_ci;
/*!40101 SET character_set_client = @saved_cs_client */;

--
-- Dumping data for table `loan_payments`
--

LOCK TABLES `loan_payments` WRITE;
/*!40000 ALTER TABLE `loan_payments` DISABLE KEYS */;
INSERT INTO `loan_payments` VALUES (1,1,11200.00,'2023-07-06 18:30:00',1200.00),(2,2,4480.00,'2023-07-06 18:30:00',480.00),(3,3,10450.00,'2023-03-06 18:30:00',450.00),(4,4,4164.00,'2023-03-06 18:30:00',164.00),(5,5,11200.00,'2023-09-06 18:30:00',1200.00),(6,6,7840.00,'2023-09-06 18:30:00',840.00),(7,7,5600.00,'2023-09-06 18:30:00',600.00),(8,8,8400.00,'2023-10-06 18:30:00',900.00),(9,9,7840.00,'2023-11-06 18:30:00',840.00),(10,10,10080.00,'2023-12-06 18:30:00',1080.00),(11,11,11000.00,'2023-12-06 18:30:00',1000.00),(12,12,11000.00,'2023-12-06 18:30:00',1000.00),(13,13,11000.00,'2023-01-06 18:30:00',1000.00),(14,14,16200.00,'2023-01-06 18:30:00',1200.00),(15,15,15900.00,'2023-12-06 18:30:00',900.00),(16,16,10400.00,'2023-12-06 18:30:00',400.00),(17,17,5300.00,'2023-01-06 18:30:00',300.00),(18,18,15600.00,'2023-01-06 18:30:00',600.00),(19,19,15300.00,'2023-01-06 18:30:00',300.00),(20,20,5000.00,'2023-01-06 18:30:00',100.00),(21,21,18600.00,'2025-01-06 18:30:00',3600.00),(22,22,6100.00,'2023-12-06 18:30:00',1100.00),(23,23,6200.00,'2025-01-06 18:30:00',1200.00),(24,24,18300.00,'2023-12-06 18:30:00',3300.00),(25,25,15900.00,'2023-04-06 18:30:00',900.00),(26,26,37200.00,'2025-01-06 18:30:00',7200.00),(27,27,37200.00,'2025-01-06 18:30:00',7200.00),(28,28,6100.00,'2025-01-06 18:30:00',1100.00),(29,29,6100.00,'2025-01-06 18:30:00',1100.00),(30,30,35400.00,'2025-01-06 18:30:00',5400.00),(31,31,10200.00,'2023-06-06 18:30:00',200.00),(32,32,11400.00,'2025-01-06 18:30:00',1400.00),(33,33,17100.00,'2025-01-06 18:30:00',2100.00),(34,34,7840.00,'2025-01-06 18:30:00',840.00),(35,35,10800.00,'2023-12-06 18:30:00',800.00),(36,36,5400.00,'2025-01-06 18:30:00',400.00),(37,37,10800.00,'2025-01-06 18:30:00',800.00),(38,38,10400.00,'2025-01-06 18:30:00',400.00),(39,46,10400.00,'2025-03-06 18:30:00',400.00);
/*!40000 ALTER TABLE `loan_payments` ENABLE KEYS */;
UNLOCK TABLES;

--
-- Table structure for table `loans`
--

DROP TABLE IF EXISTS `loans`;
/*!40101 SET @saved_cs_client     = @@character_set_client */;
/*!50503 SET character_set_client = utf8mb4 */;
CREATE TABLE `loans` (
  `id` int NOT NULL AUTO_INCREMENT,
  `user_id` int NOT NULL,
  `president_id` int DEFAULT NULL,
  `amount` decimal(10,2) NOT NULL,
  `interest_rate` decimal(5,2) NOT NULL,
  `start_date` date NOT NULL,
  `status` enum('pending','approved','rejected','completed','overdue') DEFAULT 'pending',
  `actual_end_date` date DEFAULT NULL,
  `disbursement_type` varchar(50) DEFAULT NULL,
  `disbursement_details` text,
  PRIMARY KEY (`id`),
  KEY `user_id` (`user_id`),
  KEY `president_id` (`president_id`),
  CONSTRAINT `loans_ibfk_1` FOREIGN KEY (`user_id`) REFERENCES `users` (`id`) ON DELETE CASCADE,
  CONSTRAINT `loans_ibfk_2` FOREIGN KEY (`president_id`) REFERENCES `users` (`id`) ON DELETE CASCADE
) ENGINE=InnoDB AUTO_INCREMENT=56 DEFAULT CHARSET=utf8mb4 COLLATE=utf8mb4_0900_ai_ci;
/*!40101 SET character_set_client = @saved_cs_client */;

--
-- Dumping data for table `loans`
--

LOCK TABLES `loans` WRITE;
/*!40000 ALTER TABLE `loans` DISABLE KEYS */;
INSERT INTO `loans` VALUES (1,2,1,10000.00,24.00,'2023-01-07','completed','2023-07-07',NULL,NULL),(2,6,1,4000.00,24.00,'2023-01-07','completed','2023-07-07',NULL,NULL),(3,14,1,10000.00,54.00,'2023-02-07','completed','2023-03-07',NULL,NULL),(4,11,1,4000.00,49.20,'2023-02-07','completed','2023-03-07',NULL,NULL),(5,5,1,10000.00,24.00,'2023-03-07','completed','2023-09-07',NULL,NULL),(6,14,1,7000.00,24.00,'2023-03-07','completed','2023-09-07',NULL,NULL),(7,11,1,5000.00,24.00,'2023-03-07','completed','2023-09-07',NULL,NULL),(8,9,1,7500.00,24.00,'2023-04-07','completed','2023-10-07',NULL,NULL),(9,13,1,7000.00,24.00,'2023-05-07','completed','2023-11-07',NULL,NULL),(10,8,1,9000.00,24.00,'2023-06-07','completed','2023-12-07','cheque',NULL),(11,2,1,10000.00,24.00,'2023-07-07','completed','2023-12-07','cheque',NULL),(12,6,1,10000.00,24.00,'2023-07-07','completed','2023-12-07','cheque',NULL),(13,1,2,10000.00,24.00,'2023-08-07','completed','2023-01-07','cheque',NULL),(14,14,1,15000.00,24.00,'2023-09-07','completed','2023-01-07','cheque',NULL),(15,11,1,15000.00,24.00,'2023-09-07','completed','2023-12-07','cheque',NULL),(16,5,1,10000.00,24.00,'2023-10-07','completed','2023-12-07','cheque',NULL),(17,9,1,5000.00,24.00,'2023-10-07','completed','2023-01-07','cheque',NULL),(18,7,1,15000.00,24.00,'2023-11-07','completed','2023-01-07',NULL,NULL),(19,8,1,15000.00,24.00,'2023-12-07','completed','2023-01-07','cheque',NULL),(20,11,1,5000.00,24.00,'2023-09-07','completed','2023-12-07','cheque',NULL),(21,14,1,15000.00,24.00,'2024-01-07','completed','2025-01-07',NULL,NULL),(22,11,1,5000.00,24.00,'2024-01-07','completed','2025-12-07',NULL,NULL),(23,9,1,5000.00,24.00,'2024-01-07','completed','2025-01-07',NULL,NULL),(24,7,1,15000.00,24.00,'2024-01-07','completed','2024-12-07',NULL,NULL),(25,8,1,15000.00,24.00,'2024-01-07','completed','2024-04-07',NULL,NULL),(26,13,1,30000.00,24.00,'2024-01-07','completed','2025-01-07',NULL,NULL),(27,6,1,30000.00,24.00,'2024-01-07','completed','2025-01-07',NULL,NULL),(28,6,1,5000.00,24.00,'2024-02-07','completed','2025-01-07',NULL,NULL),(29,14,1,5000.00,24.00,'2024-02-07','completed','2025-01-07',NULL,NULL),(30,2,1,30000.00,24.00,'2024-04-07','completed','2025-01-07',NULL,NULL),(31,4,1,10000.00,24.00,'2024-05-07','completed','2024-06-07',NULL,NULL),(32,8,1,10000.00,24.00,'2024-06-07','completed','2025-01-07',NULL,NULL),(33,13,1,15000.00,24.00,'2024-06-07','completed','2025-01-07',NULL,NULL),(34,4,1,7000.00,24.00,'2024-07-07','completed','2025-01-07',NULL,NULL),(35,11,1,10000.00,24.00,'2024-08-07','completed','2024-12-07',NULL,NULL),(36,5,1,5000.00,24.00,'2024-08-07','completed','2025-01-07',NULL,NULL),(37,12,1,10000.00,24.00,'2024-09-07','completed','2025-01-07',NULL,NULL),(38,2,1,10000.00,24.00,'2024-11-07','completed','2025-01-07',NULL,NULL),(39,6,1,70000.00,24.00,'2025-01-07','approved',NULL,'cheque',NULL),(40,13,1,50000.00,24.00,'2025-01-07','approved',NULL,'cheque',NULL),(41,14,1,20000.00,24.00,'2025-01-07','approved',NULL,'cheque',NULL),(42,2,1,20000.00,24.00,'2025-01-07','approved',NULL,'cheque',NULL),(43,9,1,10000.00,24.00,'2025-01-07','approved',NULL,'cheque',NULL),(44,11,1,30000.00,24.00,'2025-01-07','approved',NULL,'cheque',NULL),(45,4,1,7000.00,24.00,'2025-01-07','approved',NULL,'cheque',NULL),(46,8,1,10000.00,24.00,'2025-01-07','completed','2025-03-07','cheque',NULL),(47,9,1,10000.00,24.00,'2025-02-07','approved',NULL,'cheque',NULL),(48,8,1,5000.00,24.00,'2025-03-07','approved',NULL,'cheque',NULL),(49,4,1,10000.00,24.00,'2025-03-07','approved',NULL,'cheque',NULL),(50,1,2,15000.00,24.00,'2025-03-07','approved',NULL,'cheque',NULL),(51,8,1,10000.00,24.00,'2025-04-07','approved',NULL,'cheque',NULL),(52,2,1,20000.00,24.00,'2025-04-07','approved',NULL,'cheque',NULL),(53,5,1,10000.00,24.00,'2025-05-07','approved',NULL,'cheque',NULL),(54,11,1,10000.00,24.00,'2025-06-07','approved',NULL,'cheque',NULL),(55,9,1,19000.00,24.00,'2025-07-07','approved',NULL,'cheque',NULL);
/*!40000 ALTER TABLE `loans` ENABLE KEYS */;
UNLOCK TABLES;

--
-- Table structure for table `users`
--

DROP TABLE IF EXISTS `users`;
/*!40101 SET @saved_cs_client     = @@character_set_client */;
/*!50503 SET character_set_client = utf8mb4 */;
CREATE TABLE `users` (
  `id` int NOT NULL AUTO_INCREMENT,
  `username` varchar(255) NOT NULL,
  `password` varchar(255) NOT NULL,
  `role` enum('president','secretary','treasurer','member') NOT NULL,
  `name` varchar(255) NOT NULL,
  `email` varchar(255) NOT NULL,
  `contact_number` varchar(20) NOT NULL,
  `pan_number` varchar(10) DEFAULT NULL,
  `aadhar_number` varchar(12) DEFAULT NULL,
  `created_at` timestamp NULL DEFAULT CURRENT_TIMESTAMP,
  PRIMARY KEY (`id`),
  UNIQUE KEY `username` (`username`),
  UNIQUE KEY `email` (`email`),
  UNIQUE KEY `pan_number` (`pan_number`),
  UNIQUE KEY `aadhar_number` (`aadhar_number`)
) ENGINE=InnoDB AUTO_INCREMENT=15 DEFAULT CHARSET=utf8mb4 COLLATE=utf8mb4_0900_ai_ci;
/*!40101 SET character_set_client = @saved_cs_client */;

--
-- Dumping data for table `users`
--

LOCK TABLES `users` WRITE;
/*!40000 ALTER TABLE `users` DISABLE KEYS */;
INSERT INTO `users` VALUES (1,'Yogesh@1505','scrypt:32768:8:1$hbg0d0fa8dSfDzS8$1f28531091dacb1e18916b0b002fadabd9bd95daf69f6214cc0ea1aad5d1b5dc93b068c3a8841f3469f780e709b6042ffdb02fd660f03aa628bc7fc7a96539bf','president','Yogesh Ajinath Bale','yogeshbale2017@gmail.com','9767062011','DXPB6618D','334909751339','2025-07-14 13:45:28'),(2,'Krushna','scrypt:32768:8:1$EJ580f23mUMqJkA9$11a6ce5d07c7f9fa0c2714f443dcbd7fd77d65f02f05b520378213b83b45069d19619f9eed5255cf6efcabfc44fa9ca5eae7634cb19645f1c6f15449470e9b7b','secretary','Krushna Maruti Lambrud','krushnaambrud@gmail.com','8669812350','BAPPL5487C','900859779395','2025-07-14 13:46:53'),(3,'Avinash','scrypt:32768:8:1$mEeiTrzdh3muPrHs$1cb018b107b0629627f7e2f8d346ea1be656deda6c767258cd5937179b51497b6c192b6451b3669a1efb1bafb624a7081e38276c36e764bdebd5e6d3a7922a3b','member','Avinash Ravsaheb Ajabe','avinashajabe9696@gmail.com','9922592409','VFHPA8965L','175445454454','2025-07-14 14:10:00'),(4,'Jayesh','scrypt:32768:8:1$ykIetEhFQ7ScPXM8$96e414dd23237d165b135f55175d0f7e096f9d40d02989734244511f15773a88a3d71861685495ae15a0cbd503b0185b449d23ddad660a98d7df0795acb89b08','member','Jayesh Bhausaheb Lambrud','lambrudjayesh007@gmail.com','7887697172','BCFPL4303R','411354788869','2025-07-14 14:14:50'),(5,'Ramhari','scrypt:32768:8:1$e1O9hgsJu3lp7SKZ$2ca438d20fa91a6ddcf8006aef98847b22c3fc4ff3b0ec7f3ffc7005fcfa3b3dff605c30922e262516612f491bfbd007afe869fea8a62ffe0ea85e07ebd69b4a','member','Ramhari Dilip Lambrud','ramharilambrud2001@gmail.com','7033772926','BESPL6825F','840710692577','2025-07-14 14:16:53'),(6,'Rahul','scrypt:32768:8:1$G1s9PUgoseJBgusX$41c5fcef2c0a368298b1b1d109b786250f879a8613d38ce01579de256b4c86103675327b4f5aa3df08d737c31731cd5679baad1e3a05529fac7fcadbf774f30a','member','Rahul Abhiman Lambrud','rahul@gmail.com','9130481782','HFYRJ5896L','589434546465','2025-07-14 14:32:38'),(7,'Ashok Bale','scrypt:32768:8:1$RmadbTC9ITWjLHvA$ae4b1b246c5d879c467dff21369621f018129218f89cb627d3be58ea2943b904ccb1afa4163ff7ea1e95b5c4d4b32ac8a8e4db4431b343c03c5635152434bc5e','member','Ashok Shrihari Bale','ashokbale@gmail.com','7776032173','HDYBH8955K','259465464654','2025-07-14 14:34:19'),(8,'Nagesh','scrypt:32768:8:1$yzhdI4rwXRAjPabi$c5deac92e0cbe0161669cc29168c5411fa1a586479f46de7975aa646443b537e2e1ad21f9d4228eb6a4731f508675c21d5c399cd2e40721acc472a3698173db4','member','Nagesh Chhagan Sanap','nageshsanap1144@gmail.com','8308114498','LXFPS4332E','959015469571','2025-07-14 14:35:58'),(9,'Mauli','scrypt:32768:8:1$aR3OmsSB4SC1GY0q$556e96410dbce29251e488ca64fd6f809d15e943e86b7c75ebef140e864a51b57d86d60526c2ec84a901aa82ff2e5443d43751e286251c85a64cdc07162228a0','member','Mauli Ravsaheb Lambrud','lambrudmauli2000@gmail.com','8605501756','BEOPL8583A','400209912594','2025-07-14 14:38:20'),(10,'Mahesh','scrypt:32768:8:1$fqfxvBaJP23bDAoc$a769a0eaad97fad1938b4087ea3d6c1ca9215717c7d6b509ebf35833af42b808351642ae38e6f42e57a3368f7b840d8306eabcfc29625ad5c4899457de80b3da','member','Mahesh Ajinath Bale','maheshbale1505@gmail.com','9094591515','GFYRJ8648J','786546131651','2025-07-14 14:40:15'),(11,'Ashok Ajabe','scrypt:32768:8:1$0AyZR3znh4ZKoQOr$a8f904072db27e6b9ec43320c120e3b42c6a71b47cb4fc472ce2270391c5a1ecc39464b946f314c048575433e6320a2018e4ed44c640eb4786748fa21e413208','treasurer','Ashok Vishwnath Ajabe','ashokajabe01@gmail.com','7066513768','HGTKB5264G','536486745585','2025-07-14 14:43:08'),(12,'Prashant','scrypt:32768:8:1$sv82mdeUIsl853l3$5046fb6086a2909e4a757521edf8be2d8edb6ff932e47d684dc668f50c5dbd79911dd590dc2a31ffd0a6654ecdc565476d7f5d24c3c6e24244c39f5759e381f3','member','Prashant Kalyan Lambrud','prashantlambrud@gmail.com','9823577090','AFHPL8959H','756298875107','2025-07-14 14:48:07'),(13,'Amol','scrypt:32768:8:1$YDZ4CHhWJvGdObzy$2c3b9e221aa27d9bf2fb0c84895a5e645563f0509d99c119b83b51e0902768035b826b706dde5070ef6d48457e67b448a4a8b53034c6b38db2d6a0ffae83cd35','member','Amol Kakasaheb Lambrud','amol.lambrud123@gmail.com','8698603305','BGZPL7420B','620748057174','2025-07-14 14:50:03'),(14,'Mahadev','scrypt:32768:8:1$reip4oIZr5wWMFcW$d2a05f737e6f8bc6a344961d3ab096cf0d7ab6e93c75bca730225398f993607dca9ecb51d105fc0f898f7893cd7db7524018b8e211a6036a008af71e9f3e4f18','member','Mahadev Ankush Lambrud','mahadevlambrud444@gmail.com','7057731634','AYJPL2271K','492757932148','2025-07-14 14:51:43');
/*!40000 ALTER TABLE `users` ENABLE KEYS */;
UNLOCK TABLES;
/*!40103 SET TIME_ZONE=@OLD_TIME_ZONE */;

/*!40101 SET SQL_MODE=@OLD_SQL_MODE */;
/*!40014 SET FOREIGN_KEY_CHECKS=@OLD_FOREIGN_KEY_CHECKS */;
/*!40014 SET UNIQUE_CHECKS=@OLD_UNIQUE_CHECKS */;
/*!40101 SET CHARACTER_SET_CLIENT=@OLD_CHARACTER_SET_CLIENT */;
/*!40101 SET CHARACTER_SET_RESULTS=@OLD_CHARACTER_SET_RESULTS */;
/*!40101 SET COLLATION_CONNECTION=@OLD_COLLATION_CONNECTION */;
/*!40111 SET SQL_NOTES=@OLD_SQL_NOTES */;

-- Dump completed on 2025-07-15 23:45:10
